run_id,date,sha,job_name,duration_seconds,total_duration,cache_hit
23771454912,2026-03-30,7fb41e0,trivy_container_scan,236,391,unknown
23771454912,2026-03-30,7fb41e0,dependency_audit,18,391,unknown
23771454912,2026-03-30,7fb41e0,codeql_scan,144,391,unknown
23771454912,2026-03-30,7fb41e0,trivy_fs_scan,97,391,unknown
23771454912,2026-03-30,7fb41e0,brakeman_scan,72,391,unknown
23771454912,2026-03-30,7fb41e0,importmap_audit,17,391,unknown
23771454912,2026-03-30,7fb41e0,secrets_scan,57,391,unknown
23771454912,2026-03-30,7fb41e0,sbom_generation,60,391,unknown
23771454912,2026-03-30,7fb41e0,semgrep_scan,0,391,unknown
23771454912,2026-03-30,7fb41e0,normalize_hdf,122,391,unknown
23771454912,2026-03-30,7fb41e0,bundle_results,21,391,unknown
23771454912,2026-03-30,7fb41e0,publish_for_sparc_iac,0,391,unknown
23771419271,2026-03-30,b967353,codeql_scan,147,416,unknown
23771419271,2026-03-30,b967353,importmap_audit,19,416,unknown
23771419271,2026-03-30,b967353,trivy_container_scan,226,416,unknown
23771419271,2026-03-30,b967353,brakeman_scan,71,416,unknown
23771419271,2026-03-30,b967353,trivy_fs_scan,93,416,unknown
23771419271,2026-03-30,b967353,sbom_generation,30,416,unknown
23771419271,2026-03-30,b967353,dependency_audit,17,416,unknown
23771419271,2026-03-30,b967353,secrets_scan,53,416,unknown
23771419271,2026-03-30,b967353,semgrep_scan,0,416,unknown
23771419271,2026-03-30,b967353,normalize_hdf,145,416,unknown
23771419271,2026-03-30,b967353,bundle_results,33,416,unknown
23771419271,2026-03-30,b967353,publish_for_sparc_iac,0,416,unknown
23771410750,2026-03-30,c6fa903,trivy_container_scan,221,634,unknown
23771410750,2026-03-30,c6fa903,trivy_fs_scan,89,634,unknown
23771410750,2026-03-30,c6fa903,importmap_audit,21,634,unknown
23771410750,2026-03-30,c6fa903,brakeman_scan,72,634,unknown
23771410750,2026-03-30,c6fa903,dependency_audit,22,634,unknown
23771410750,2026-03-30,c6fa903,secrets_scan,53,634,unknown
23771410750,2026-03-30,c6fa903,sbom_generation,34,634,unknown
23771410750,2026-03-30,c6fa903,codeql_scan,442,634,unknown
23771410750,2026-03-30,c6fa903,semgrep_scan,0,634,unknown
23771410750,2026-03-30,c6fa903,normalize_hdf,147,634,unknown
23771410750,2026-03-30,c6fa903,bundle_results,22,634,unknown
23771410750,2026-03-30,c6fa903,publish_for_sparc_iac,10,634,unknown
23770527199,2026-03-30,950ce00,codeql_scan,151,402,unknown
23770527199,2026-03-30,950ce00,brakeman_scan,71,402,unknown
23770527199,2026-03-30,950ce00,secrets_scan,56,402,unknown
23770527199,2026-03-30,950ce00,importmap_audit,13,402,unknown
23770527199,2026-03-30,950ce00,trivy_container_scan,225,402,unknown
23770527199,2026-03-30,950ce00,sbom_generation,34,402,unknown
23770527199,2026-03-30,950ce00,dependency_audit,17,402,unknown
23770527199,2026-03-30,950ce00,trivy_fs_scan,101,402,unknown
23770527199,2026-03-30,950ce00,semgrep_scan,0,402,unknown
23770527199,2026-03-30,950ce00,normalize_hdf,137,402,unknown
23770527199,2026-03-30,950ce00,bundle_results,29,402,unknown
23770527199,2026-03-30,950ce00,publish_for_sparc_iac,0,402,unknown
23770515644,2026-03-30,8051e20,brakeman_scan,66,661,unknown
23770515644,2026-03-30,8051e20,dependency_audit,17,661,unknown
23770515644,2026-03-30,8051e20,sbom_generation,22,661,unknown
23770515644,2026-03-30,8051e20,codeql_scan,451,661,unknown
23770515644,2026-03-30,8051e20,secrets_scan,53,661,unknown
23770515644,2026-03-30,8051e20,importmap_audit,16,661,unknown
23770515644,2026-03-30,8051e20,trivy_fs_scan,94,661,unknown
23770515644,2026-03-30,8051e20,trivy_container_scan,238,661,unknown
23770515644,2026-03-30,8051e20,semgrep_scan,0,661,unknown
23770515644,2026-03-30,8051e20,normalize_hdf,157,661,unknown
23770515644,2026-03-30,8051e20,bundle_results,30,661,unknown
23770515644,2026-03-30,8051e20,publish_for_sparc_iac,7,661,unknown
23733818553,2026-03-30,663d3f1,brakeman_scan,68,630,unknown
23733818553,2026-03-30,663d3f1,importmap_audit,13,630,unknown
23733818553,2026-03-30,663d3f1,secrets_scan,54,630,unknown
23733818553,2026-03-30,663d3f1,trivy_container_scan,229,630,unknown
23733818553,2026-03-30,663d3f1,dependency_audit,18,630,unknown
23733818553,2026-03-30,663d3f1,sbom_generation,31,630,unknown
23733818553,2026-03-30,663d3f1,trivy_fs_scan,93,630,unknown
23733818553,2026-03-30,663d3f1,codeql_scan,447,630,unknown
23733818553,2026-03-30,663d3f1,semgrep_scan,0,630,unknown
23733818553,2026-03-30,663d3f1,normalize_hdf,132,630,unknown
23733818553,2026-03-30,663d3f1,bundle_results,29,630,unknown
23733818553,2026-03-30,663d3f1,publish_for_sparc_iac,7,630,unknown
23666519789,2026-03-27,ac6a910,secrets_scan,57,445,unknown
23666519789,2026-03-27,ac6a910,importmap_audit,29,445,unknown
23666519789,2026-03-27,ac6a910,brakeman_scan,86,445,unknown
23666519789,2026-03-27,ac6a910,dependency_audit,28,445,unknown
23666519789,2026-03-27,ac6a910,sbom_generation,42,445,unknown
23666519789,2026-03-27,ac6a910,trivy_fs_scan,98,445,unknown
23666519789,2026-03-27,ac6a910,trivy_container_scan,244,445,unknown
23666519789,2026-03-27,ac6a910,codeql_scan,168,445,unknown
23666519789,2026-03-27,ac6a910,semgrep_scan,0,445,unknown
23666519789,2026-03-27,ac6a910,normalize_hdf,157,445,unknown
23666519789,2026-03-27,ac6a910,bundle_results,32,445,unknown
23666519789,2026-03-27,ac6a910,publish_for_sparc_iac,0,445,unknown
23639438912,2026-03-27,21f01d0,dependency_audit,21,396,unknown
23639438912,2026-03-27,21f01d0,importmap_audit,20,396,unknown
23639438912,2026-03-27,21f01d0,secrets_scan,59,396,unknown
23639438912,2026-03-27,21f01d0,sbom_generation,34,396,unknown
23639438912,2026-03-27,21f01d0,trivy_fs_scan,99,396,unknown
23639438912,2026-03-27,21f01d0,brakeman_scan,73,396,unknown
23639438912,2026-03-27,21f01d0,trivy_container_scan,229,396,unknown
23639438912,2026-03-27,21f01d0,codeql_scan,138,396,unknown
23639438912,2026-03-27,21f01d0,semgrep_scan,0,396,unknown
23639438912,2026-03-27,21f01d0,normalize_hdf,131,396,unknown
23639438912,2026-03-27,21f01d0,bundle_results,24,396,unknown
23639438912,2026-03-27,21f01d0,publish_for_sparc_iac,0,396,unknown
23639406571,2026-03-27,7cdf6d7,secrets_scan,57,393,unknown
23639406571,2026-03-27,7cdf6d7,trivy_container_scan,223,393,unknown
23639406571,2026-03-27,7cdf6d7,sbom_generation,39,393,unknown
23639406571,2026-03-27,7cdf6d7,codeql_scan,146,393,unknown
23639406571,2026-03-27,7cdf6d7,dependency_audit,11,393,unknown
23639406571,2026-03-27,7cdf6d7,importmap_audit,15,393,unknown
23639406571,2026-03-27,7cdf6d7,brakeman_scan,69,393,unknown
23639406571,2026-03-27,7cdf6d7,trivy_fs_scan,93,393,unknown
23639406571,2026-03-27,7cdf6d7,semgrep_scan,0,393,unknown
23639406571,2026-03-27,7cdf6d7,normalize_hdf,126,393,unknown
23639406571,2026-03-27,7cdf6d7,bundle_results,33,393,unknown
23639406571,2026-03-27,7cdf6d7,publish_for_sparc_iac,0,393,unknown
23618202038,2026-03-26,663d3f1,brakeman_scan,70,653,unknown
23618202038,2026-03-26,663d3f1,importmap_audit,14,653,unknown
23618202038,2026-03-26,663d3f1,secrets_scan,60,653,unknown
23618202038,2026-03-26,663d3f1,dependency_audit,18,653,unknown
23618202038,2026-03-26,663d3f1,sbom_generation,33,653,unknown
23618202038,2026-03-26,663d3f1,trivy_container_scan,230,653,unknown
23618202038,2026-03-26,663d3f1,trivy_fs_scan,100,653,unknown
23618202038,2026-03-26,663d3f1,codeql_scan,442,653,unknown
23618202038,2026-03-26,663d3f1,semgrep_scan,0,653,unknown
23618202038,2026-03-26,663d3f1,normalize_hdf,151,653,unknown
23618202038,2026-03-26,663d3f1,bundle_results,35,653,unknown
23618202038,2026-03-26,663d3f1,publish_for_sparc_iac,8,653,unknown
23617355178,2026-03-26,e19b0bb,codeql_scan,149,440,unknown
23617355178,2026-03-26,e19b0bb,sbom_generation,26,440,unknown
23617355178,2026-03-26,e19b0bb,trivy_container_scan,236,440,unknown
23617355178,2026-03-26,e19b0bb,secrets_scan,55,440,unknown
23617355178,2026-03-26,e19b0bb,trivy_fs_scan,98,440,unknown
23617355178,2026-03-26,e19b0bb,dependency_audit,13,440,unknown
23617355178,2026-03-26,e19b0bb,brakeman_scan,66,440,unknown
23617355178,2026-03-26,e19b0bb,importmap_audit,16,440,unknown
23617355178,2026-03-26,e19b0bb,semgrep_scan,0,440,unknown
23617355178,2026-03-26,e19b0bb,normalize_hdf,158,440,unknown
23617355178,2026-03-26,e19b0bb,bundle_results,33,440,unknown
23617355178,2026-03-26,e19b0bb,publish_for_sparc_iac,0,440,unknown
23617058775,2026-03-26,a01da93,importmap_audit,14,350,unknown
23617058775,2026-03-26,a01da93,dependency_audit,15,350,unknown
23617058775,2026-03-26,a01da93,secrets_scan,61,350,unknown
23617058775,2026-03-26,a01da93,brakeman_scan,68,350,unknown
23617058775,2026-03-26,a01da93,codeql_scan,154,350,unknown
23617058775,2026-03-26,a01da93,trivy_fs_scan,51,350,unknown
23617058775,2026-03-26,a01da93,trivy_container_scan,164,350,unknown
23617058775,2026-03-26,a01da93,sbom_generation,29,350,unknown
23617058775,2026-03-26,a01da93,semgrep_scan,0,350,unknown
23617058775,2026-03-26,a01da93,normalize_hdf,136,350,unknown
23617058775,2026-03-26,a01da93,bundle_results,32,350,unknown
23617058775,2026-03-26,a01da93,publish_for_sparc_iac,0,350,unknown
23599270239,2026-03-26,c3b9d17,trivy_fs_scan,100,408,unknown
23599270239,2026-03-26,c3b9d17,sbom_generation,37,408,unknown
23599270239,2026-03-26,c3b9d17,brakeman_scan,79,408,unknown
23599270239,2026-03-26,c3b9d17,dependency_audit,18,408,unknown
23599270239,2026-03-26,c3b9d17,importmap_audit,21,408,unknown
23599270239,2026-03-26,c3b9d17,codeql_scan,140,408,unknown
23599270239,2026-03-26,c3b9d17,secrets_scan,55,408,unknown
23599270239,2026-03-26,c3b9d17,trivy_container_scan,229,408,unknown
23599270239,2026-03-26,c3b9d17,semgrep_scan,0,408,unknown
23599270239,2026-03-26,c3b9d17,normalize_hdf,133,408,unknown
23599270239,2026-03-26,c3b9d17,bundle_results,33,408,unknown
23599270239,2026-03-26,c3b9d17,publish_for_sparc_iac,0,408,unknown
23599170118,2026-03-26,7a7ed13,codeql_scan,465,662,unknown
23599170118,2026-03-26,7a7ed13,brakeman_scan,75,662,unknown
23599170118,2026-03-26,7a7ed13,sbom_generation,43,662,unknown
23599170118,2026-03-26,7a7ed13,secrets_scan,56,662,unknown
23599170118,2026-03-26,7a7ed13,trivy_container_scan,226,662,unknown
23599170118,2026-03-26,7a7ed13,dependency_audit,25,662,unknown
23599170118,2026-03-26,7a7ed13,importmap_audit,20,662,unknown
23599170118,2026-03-26,7a7ed13,trivy_fs_scan,99,662,unknown
23599170118,2026-03-26,7a7ed13,semgrep_scan,0,662,unknown
23599170118,2026-03-26,7a7ed13,normalize_hdf,148,662,unknown
23599170118,2026-03-26,7a7ed13,bundle_results,18,662,unknown
23599170118,2026-03-26,7a7ed13,publish_for_sparc_iac,11,662,unknown
23597905687,2026-03-26,dafe1ee,trivy_container_scan,227,437,unknown
23597905687,2026-03-26,dafe1ee,sbom_generation,26,437,unknown
23597905687,2026-03-26,dafe1ee,dependency_audit,12,437,unknown
23597905687,2026-03-26,dafe1ee,importmap_audit,12,437,unknown
23597905687,2026-03-26,dafe1ee,brakeman_scan,73,437,unknown
23597905687,2026-03-26,dafe1ee,trivy_fs_scan,93,437,unknown
23597905687,2026-03-26,dafe1ee,codeql_scan,150,437,unknown
23597905687,2026-03-26,dafe1ee,secrets_scan,57,437,unknown
23597905687,2026-03-26,dafe1ee,semgrep_scan,0,437,unknown
23597905687,2026-03-26,dafe1ee,normalize_hdf,161,437,unknown
23597905687,2026-03-26,dafe1ee,bundle_results,35,437,unknown
23597905687,2026-03-26,dafe1ee,publish_for_sparc_iac,0,437,unknown
23597883148,2026-03-26,59da642,dependency_audit,16,653,unknown
23597883148,2026-03-26,59da642,codeql_scan,460,653,unknown
23597883148,2026-03-26,59da642,importmap_audit,16,653,unknown
23597883148,2026-03-26,59da642,trivy_fs_scan,98,653,unknown
23597883148,2026-03-26,59da642,secrets_scan,60,653,unknown
23597883148,2026-03-26,59da642,brakeman_scan,73,653,unknown
23597883148,2026-03-26,59da642,trivy_container_scan,233,653,unknown
23597883148,2026-03-26,59da642,sbom_generation,22,653,unknown
23597883148,2026-03-26,59da642,semgrep_scan,0,653,unknown
23597883148,2026-03-26,59da642,normalize_hdf,142,653,unknown
23597883148,2026-03-26,59da642,bundle_results,20,653,unknown
23597883148,2026-03-26,59da642,publish_for_sparc_iac,13,653,unknown
23597541192,2026-03-26,79c4217,trivy_fs_scan,91,383,unknown
23597541192,2026-03-26,79c4217,codeql_scan,152,383,unknown
23597541192,2026-03-26,79c4217,secrets_scan,54,383,unknown
23597541192,2026-03-26,79c4217,trivy_container_scan,216,383,unknown
23597541192,2026-03-26,79c4217,sbom_generation,24,383,unknown
23597541192,2026-03-26,79c4217,importmap_audit,14,383,unknown
23597541192,2026-03-26,79c4217,brakeman_scan,67,383,unknown
23597541192,2026-03-26,79c4217,dependency_audit,17,383,unknown
23597541192,2026-03-26,79c4217,semgrep_scan,0,383,unknown
23597541192,2026-03-26,79c4217,normalize_hdf,130,383,unknown
23597541192,2026-03-26,79c4217,bundle_results,24,383,unknown
23597541192,2026-03-26,79c4217,publish_for_sparc_iac,0,383,unknown
23596769295,2026-03-26,ea473e5,brakeman_scan,77,422,unknown
23596769295,2026-03-26,ea473e5,trivy_fs_scan,92,422,unknown
23596769295,2026-03-26,ea473e5,importmap_audit,19,422,unknown
23596769295,2026-03-26,ea473e5,trivy_container_scan,237,422,unknown
23596769295,2026-03-26,ea473e5,codeql_scan,152,422,unknown
23596769295,2026-03-26,ea473e5,sbom_generation,44,422,unknown
23596769295,2026-03-26,ea473e5,secrets_scan,55,422,unknown
23596769295,2026-03-26,ea473e5,dependency_audit,18,422,unknown
23596769295,2026-03-26,ea473e5,semgrep_scan,0,422,unknown
23596769295,2026-03-26,ea473e5,normalize_hdf,147,422,unknown
23596769295,2026-03-26,ea473e5,bundle_results,25,422,unknown
23596769295,2026-03-26,ea473e5,publish_for_sparc_iac,0,422,unknown
23596707226,2026-03-26,a0da956,brakeman_scan,72,413,unknown
23596707226,2026-03-26,a0da956,importmap_audit,24,413,unknown
23596707226,2026-03-26,a0da956,trivy_fs_scan,99,413,unknown
23596707226,2026-03-26,a0da956,codeql_scan,140,413,unknown
23596707226,2026-03-26,a0da956,secrets_scan,54,413,unknown
23596707226,2026-03-26,a0da956,sbom_generation,55,413,unknown
23596707226,2026-03-26,a0da956,trivy_container_scan,226,413,unknown
23596707226,2026-03-26,a0da956,dependency_audit,25,413,unknown
23596707226,2026-03-26,a0da956,semgrep_scan,0,413,unknown
23596707226,2026-03-26,a0da956,normalize_hdf,134,413,unknown
23596707226,2026-03-26,a0da956,bundle_results,37,413,unknown
23596707226,2026-03-26,a0da956,publish_for_sparc_iac,0,413,unknown
23596692867,2026-03-26,1a2da8b,codeql_scan,452,664,unknown
23596692867,2026-03-26,1a2da8b,brakeman_scan,83,664,unknown
23596692867,2026-03-26,1a2da8b,trivy_container_scan,228,664,unknown
23596692867,2026-03-26,1a2da8b,dependency_audit,17,664,unknown
23596692867,2026-03-26,1a2da8b,trivy_fs_scan,100,664,unknown
23596692867,2026-03-26,1a2da8b,sbom_generation,46,664,unknown
23596692867,2026-03-26,1a2da8b,secrets_scan,60,664,unknown
23596692867,2026-03-26,1a2da8b,importmap_audit,23,664,unknown
23596692867,2026-03-26,1a2da8b,semgrep_scan,0,664,unknown
23596692867,2026-03-26,1a2da8b,normalize_hdf,158,664,unknown
23596692867,2026-03-26,1a2da8b,bundle_results,21,664,unknown
23596692867,2026-03-26,1a2da8b,publish_for_sparc_iac,14,664,unknown
23596392817,2026-03-26,039be50,secrets_scan,56,398,unknown
23596392817,2026-03-26,039be50,codeql_scan,135,398,unknown
23596392817,2026-03-26,039be50,brakeman_scan,75,398,unknown
23596392817,2026-03-26,039be50,trivy_container_scan,218,398,unknown
23596392817,2026-03-26,039be50,importmap_audit,15,398,unknown
23596392817,2026-03-26,039be50,trivy_fs_scan,91,398,unknown
23596392817,2026-03-26,039be50,sbom_generation,28,398,unknown
23596392817,2026-03-26,039be50,dependency_audit,13,398,unknown
23596392817,2026-03-26,039be50,semgrep_scan,0,398,unknown
23596392817,2026-03-26,039be50,normalize_hdf,146,398,unknown
23596392817,2026-03-26,039be50,bundle_results,21,398,unknown
23596392817,2026-03-26,039be50,publish_for_sparc_iac,0,398,unknown
23596052116,2026-03-26,aea5a45,dependency_audit,12,642,unknown
23596052116,2026-03-26,aea5a45,codeql_scan,450,642,unknown
23596052116,2026-03-26,aea5a45,trivy_container_scan,250,642,unknown
23596052116,2026-03-26,aea5a45,sbom_generation,36,642,unknown
23596052116,2026-03-26,aea5a45,brakeman_scan,69,642,unknown
23596052116,2026-03-26,aea5a45,trivy_fs_scan,98,642,unknown
23596052116,2026-03-26,aea5a45,secrets_scan,56,642,unknown
23596052116,2026-03-26,aea5a45,importmap_audit,15,642,unknown
23596052116,2026-03-26,aea5a45,semgrep_scan,0,642,unknown
23596052116,2026-03-26,aea5a45,normalize_hdf,128,642,unknown
23596052116,2026-03-26,aea5a45,bundle_results,31,642,unknown
23596052116,2026-03-26,aea5a45,publish_for_sparc_iac,15,642,unknown
23595353095,2026-03-26,5fb3608,dependency_audit,14,392,unknown
23595353095,2026-03-26,5fb3608,secrets_scan,54,392,unknown
23595353095,2026-03-26,5fb3608,importmap_audit,14,392,unknown
23595353095,2026-03-26,5fb3608,brakeman_scan,74,392,unknown
23595353095,2026-03-26,5fb3608,codeql_scan,139,392,unknown
23595353095,2026-03-26,5fb3608,trivy_fs_scan,92,392,unknown
23595353095,2026-03-26,5fb3608,sbom_generation,26,392,unknown
23595353095,2026-03-26,5fb3608,trivy_container_scan,226,392,unknown
23595353095,2026-03-26,5fb3608,semgrep_scan,0,392,unknown
23595353095,2026-03-26,5fb3608,normalize_hdf,119,392,unknown
23595353095,2026-03-26,5fb3608,bundle_results,34,392,unknown
23595353095,2026-03-26,5fb3608,publish_for_sparc_iac,0,392,unknown
23594740852,2026-03-26,f03efa3,trivy_container_scan,233,413,unknown
23594740852,2026-03-26,f03efa3,secrets_scan,55,413,unknown
23594740852,2026-03-26,f03efa3,importmap_audit,16,413,unknown
23594740852,2026-03-26,f03efa3,codeql_scan,147,413,unknown
23594740852,2026-03-26,f03efa3,trivy_fs_scan,92,413,unknown
23594740852,2026-03-26,f03efa3,sbom_generation,27,413,unknown
23594740852,2026-03-26,f03efa3,brakeman_scan,73,413,unknown
23594740852,2026-03-26,f03efa3,dependency_audit,13,413,unknown
23594740852,2026-03-26,f03efa3,semgrep_scan,0,413,unknown
23594740852,2026-03-26,f03efa3,normalize_hdf,137,413,unknown
23594740852,2026-03-26,f03efa3,bundle_results,30,413,unknown
23594740852,2026-03-26,f03efa3,publish_for_sparc_iac,0,413,unknown
23594675709,2026-03-26,a5395d4,dependency_audit,16,403,unknown
23594675709,2026-03-26,a5395d4,secrets_scan,61,403,unknown
23594675709,2026-03-26,a5395d4,brakeman_scan,70,403,unknown
23594675709,2026-03-26,a5395d4,sbom_generation,23,403,unknown
23594675709,2026-03-26,a5395d4,trivy_container_scan,232,403,unknown
23594675709,2026-03-26,a5395d4,codeql_scan,148,403,unknown
23594675709,2026-03-26,a5395d4,trivy_fs_scan,92,403,unknown
23594675709,2026-03-26,a5395d4,importmap_audit,14,403,unknown
23594675709,2026-03-26,a5395d4,semgrep_scan,0,403,unknown
23594675709,2026-03-26,a5395d4,normalize_hdf,125,403,unknown
23594675709,2026-03-26,a5395d4,bundle_results,33,403,unknown
23594675709,2026-03-26,a5395d4,publish_for_sparc_iac,0,403,unknown
23593713602,2026-03-26,375e9cd,brakeman_scan,76,416,unknown
23593713602,2026-03-26,375e9cd,trivy_container_scan,237,416,unknown
23593713602,2026-03-26,375e9cd,trivy_fs_scan,101,416,unknown
23593713602,2026-03-26,375e9cd,dependency_audit,15,416,unknown
23593713602,2026-03-26,375e9cd,importmap_audit,14,416,unknown
23593713602,2026-03-26,375e9cd,secrets_scan,55,416,unknown
23593713602,2026-03-26,375e9cd,sbom_generation,28,416,unknown
23593713602,2026-03-26,375e9cd,codeql_scan,148,416,unknown
23593713602,2026-03-26,375e9cd,semgrep_scan,0,416,unknown
23593713602,2026-03-26,375e9cd,normalize_hdf,132,416,unknown
23593713602,2026-03-26,375e9cd,bundle_results,35,416,unknown
23593713602,2026-03-26,375e9cd,publish_for_sparc_iac,0,416,unknown
23593156709,2026-03-26,4a02c2f,brakeman_scan,67,334,unknown
23593156709,2026-03-26,4a02c2f,dependency_audit,11,334,unknown
23593156709,2026-03-26,4a02c2f,importmap_audit,14,334,unknown
23593156709,2026-03-26,4a02c2f,trivy_fs_scan,98,334,unknown
23593156709,2026-03-26,4a02c2f,sbom_generation,40,334,unknown
23593156709,2026-03-26,4a02c2f,codeql_scan,148,334,unknown
23593156709,2026-03-26,4a02c2f,secrets_scan,54,334,unknown
23593156709,2026-03-26,4a02c2f,trivy_container_scan,236,334,unknown
23593156709,2026-03-26,4a02c2f,semgrep_scan,0,334,unknown
23593156709,2026-03-26,4a02c2f,normalize_hdf,51,334,unknown
23593156709,2026-03-26,4a02c2f,bundle_results,35,334,unknown
23593156709,2026-03-26,4a02c2f,publish_for_sparc_iac,0,334,unknown
23592858008,2026-03-26,01f30df,importmap_audit,14,550,unknown
23592858008,2026-03-26,01f30df,trivy_fs_scan,96,550,unknown
23592858008,2026-03-26,01f30df,trivy_container_scan,223,550,unknown
23592858008,2026-03-26,01f30df,codeql_scan,441,550,unknown
23592858008,2026-03-26,01f30df,dependency_audit,17,550,unknown
23592858008,2026-03-26,01f30df,secrets_scan,54,550,unknown
23592858008,2026-03-26,01f30df,sbom_generation,24,550,unknown
23592858008,2026-03-26,01f30df,brakeman_scan,68,550,unknown
23592858008,2026-03-26,01f30df,semgrep_scan,0,550,unknown
23592858008,2026-03-26,01f30df,normalize_hdf,51,550,unknown
23592858008,2026-03-26,01f30df,bundle_results,35,550,unknown
23592858008,2026-03-26,01f30df,publish_for_sparc_iac,8,550,unknown
23592432878,2026-03-26,12018f6,trivy_container_scan,241,549,unknown
23592432878,2026-03-26,12018f6,codeql_scan,438,549,unknown
23592432878,2026-03-26,12018f6,sbom_generation,24,549,unknown
23592432878,2026-03-26,12018f6,brakeman_scan,71,549,unknown
23592432878,2026-03-26,12018f6,importmap_audit,13,549,unknown
23592432878,2026-03-26,12018f6,secrets_scan,56,549,unknown
23592432878,2026-03-26,12018f6,dependency_audit,12,549,unknown
23592432878,2026-03-26,12018f6,trivy_fs_scan,95,549,unknown
23592432878,2026-03-26,12018f6,semgrep_scan,0,549,unknown
23592432878,2026-03-26,12018f6,normalize_hdf,53,549,unknown
23592432878,2026-03-26,12018f6,bundle_results,30,549,unknown
23592432878,2026-03-26,12018f6,publish_for_sparc_iac,12,549,unknown
23590769236,2026-03-26,28a334b,codeql_scan,144,319,unknown
23590769236,2026-03-26,28a334b,secrets_scan,57,319,unknown
23590769236,2026-03-26,28a334b,importmap_audit,12,319,unknown
23590769236,2026-03-26,28a334b,dependency_audit,17,319,unknown
23590769236,2026-03-26,28a334b,trivy_fs_scan,92,319,unknown
23590769236,2026-03-26,28a334b,trivy_container_scan,227,319,unknown
23590769236,2026-03-26,28a334b,sbom_generation,33,319,unknown
23590769236,2026-03-26,28a334b,brakeman_scan,73,319,unknown
23590769236,2026-03-26,28a334b,semgrep_scan,0,319,unknown
23590769236,2026-03-26,28a334b,normalize_hdf,51,319,unknown
23590769236,2026-03-26,28a334b,bundle_results,29,319,unknown
23590769236,2026-03-26,28a334b,publish_for_sparc_iac,0,319,unknown
23589243685,2026-03-26,2c1123c,codeql_scan,136,318,unknown
23589243685,2026-03-26,2c1123c,importmap_audit,12,318,unknown
23589243685,2026-03-26,2c1123c,dependency_audit,15,318,unknown
23589243685,2026-03-26,2c1123c,brakeman_scan,67,318,unknown
23589243685,2026-03-26,2c1123c,sbom_generation,28,318,unknown
23589243685,2026-03-26,2c1123c,trivy_fs_scan,99,318,unknown
23589243685,2026-03-26,2c1123c,secrets_scan,53,318,unknown
23589243685,2026-03-26,2c1123c,trivy_container_scan,222,318,unknown
23589243685,2026-03-26,2c1123c,semgrep_scan,0,318,unknown
23589243685,2026-03-26,2c1123c,normalize_hdf,52,318,unknown
23589243685,2026-03-26,2c1123c,bundle_results,31,318,unknown
23589243685,2026-03-26,2c1123c,publish_for_sparc_iac,0,318,unknown
23586728062,2026-03-26,80201cf,importmap_audit,21,328,unknown
23586728062,2026-03-26,80201cf,codeql_scan,150,328,unknown
23586728062,2026-03-26,80201cf,trivy_fs_scan,98,328,unknown
23586728062,2026-03-26,80201cf,sbom_generation,52,328,unknown
23586728062,2026-03-26,80201cf,trivy_container_scan,239,328,unknown
23586728062,2026-03-26,80201cf,secrets_scan,55,328,unknown
23586728062,2026-03-26,80201cf,brakeman_scan,74,328,unknown
23586728062,2026-03-26,80201cf,dependency_audit,19,328,unknown
23586728062,2026-03-26,80201cf,semgrep_scan,0,328,unknown
23586728062,2026-03-26,80201cf,normalize_hdf,43,328,unknown
23586728062,2026-03-26,80201cf,bundle_results,33,328,unknown
23586728062,2026-03-26,80201cf,publish_for_sparc_iac,0,328,unknown
23586698656,2026-03-26,70cb941,secrets_scan,54,328,unknown
23586698656,2026-03-26,70cb941,dependency_audit,19,328,unknown
23586698656,2026-03-26,70cb941,trivy_fs_scan,92,328,unknown
23586698656,2026-03-26,70cb941,importmap_audit,26,328,unknown
23586698656,2026-03-26,70cb941,sbom_generation,33,328,unknown
23586698656,2026-03-26,70cb941,brakeman_scan,74,328,unknown
23586698656,2026-03-26,70cb941,codeql_scan,151,328,unknown
23586698656,2026-03-26,70cb941,trivy_container_scan,233,328,unknown
23586698656,2026-03-26,70cb941,semgrep_scan,0,328,unknown
23586698656,2026-03-26,70cb941,normalize_hdf,45,328,unknown
23586698656,2026-03-26,70cb941,bundle_results,35,328,unknown
23586698656,2026-03-26,70cb941,publish_for_sparc_iac,0,328,unknown
23586241922,2026-03-26,f0309c4,secrets_scan,54,570,unknown
23586241922,2026-03-26,f0309c4,codeql_scan,453,570,unknown
23586241922,2026-03-26,f0309c4,dependency_audit,15,570,unknown
23586241922,2026-03-26,f0309c4,brakeman_scan,65,570,unknown
23586241922,2026-03-26,f0309c4,trivy_container_scan,233,570,unknown
23586241922,2026-03-26,f0309c4,sbom_generation,23,570,unknown
23586241922,2026-03-26,f0309c4,trivy_fs_scan,103,570,unknown
23586241922,2026-03-26,f0309c4,importmap_audit,13,570,unknown
23586241922,2026-03-26,f0309c4,semgrep_scan,0,570,unknown
23586241922,2026-03-26,f0309c4,normalize_hdf,47,570,unknown
23586241922,2026-03-26,f0309c4,bundle_results,33,570,unknown
23586241922,2026-03-26,f0309c4,publish_for_sparc_iac,6,570,unknown
23585707362,2026-03-26,c4519fe,trivy_fs_scan,116,343,unknown
23585707362,2026-03-26,c4519fe,dependency_audit,16,343,unknown
23585707362,2026-03-26,c4519fe,secrets_scan,58,343,unknown
23585707362,2026-03-26,c4519fe,codeql_scan,144,343,unknown
23585707362,2026-03-26,c4519fe,brakeman_scan,72,343,unknown
23585707362,2026-03-26,c4519fe,importmap_audit,17,343,unknown
23585707362,2026-03-26,c4519fe,trivy_container_scan,243,343,unknown
23585707362,2026-03-26,c4519fe,sbom_generation,25,343,unknown
23585707362,2026-03-26,c4519fe,semgrep_scan,0,343,unknown
23585707362,2026-03-26,c4519fe,normalize_hdf,50,343,unknown
23585707362,2026-03-26,c4519fe,bundle_results,35,343,unknown
23585707362,2026-03-26,c4519fe,publish_for_sparc_iac,0,343,unknown
23563263908,2026-03-25,472f0b0,codeql_scan,138,336,unknown
23563263908,2026-03-25,472f0b0,importmap_audit,26,336,unknown
23563263908,2026-03-25,472f0b0,trivy_fs_scan,92,336,unknown
23563263908,2026-03-25,472f0b0,secrets_scan,58,336,unknown
23563263908,2026-03-25,472f0b0,dependency_audit,28,336,unknown
23563263908,2026-03-25,472f0b0,brakeman_scan,85,336,unknown
23563263908,2026-03-25,472f0b0,sbom_generation,37,336,unknown
23563263908,2026-03-25,472f0b0,trivy_container_scan,237,336,unknown
23563263908,2026-03-25,472f0b0,semgrep_scan,0,336,unknown
23563263908,2026-03-25,472f0b0,normalize_hdf,53,336,unknown
23563263908,2026-03-25,472f0b0,bundle_results,34,336,unknown
23563263908,2026-03-25,472f0b0,publish_for_sparc_iac,0,336,unknown
23563193833,2026-03-25,12b9905,codeql_scan,439,552,unknown
23563193833,2026-03-25,12b9905,dependency_audit,28,552,unknown
23563193833,2026-03-25,12b9905,sbom_generation,41,552,unknown
23563193833,2026-03-25,12b9905,importmap_audit,26,552,unknown
23563193833,2026-03-25,12b9905,trivy_container_scan,219,552,unknown
23563193833,2026-03-25,12b9905,secrets_scan,56,552,unknown
23563193833,2026-03-25,12b9905,brakeman_scan,84,552,unknown
23563193833,2026-03-25,12b9905,trivy_fs_scan,97,552,unknown
23563193833,2026-03-25,12b9905,semgrep_scan,0,552,unknown
23563193833,2026-03-25,12b9905,normalize_hdf,52,552,unknown
23563193833,2026-03-25,12b9905,bundle_results,34,552,unknown
23563193833,2026-03-25,12b9905,publish_for_sparc_iac,9,552,unknown
23560747889,2026-03-25,fdbbf99,trivy_container_scan,220,315,unknown
23560747889,2026-03-25,fdbbf99,secrets_scan,53,315,unknown
23560747889,2026-03-25,fdbbf99,importmap_audit,22,315,unknown
23560747889,2026-03-25,fdbbf99,brakeman_scan,74,315,unknown
23560747889,2026-03-25,fdbbf99,dependency_audit,22,315,unknown
23560747889,2026-03-25,fdbbf99,codeql_scan,142,315,unknown
23560747889,2026-03-25,fdbbf99,sbom_generation,50,315,unknown
23560747889,2026-03-25,fdbbf99,trivy_fs_scan,94,315,unknown
23560747889,2026-03-25,fdbbf99,semgrep_scan,0,315,unknown
23560747889,2026-03-25,fdbbf99,normalize_hdf,53,315,unknown
23560747889,2026-03-25,fdbbf99,bundle_results,27,315,unknown
23560747889,2026-03-25,fdbbf99,publish_for_sparc_iac,0,315,unknown
23560734791,2026-03-25,906cba2,brakeman_scan,73,285,unknown
23560734791,2026-03-25,906cba2,codeql_scan,152,285,unknown
23560734791,2026-03-25,906cba2,importmap_audit,18,285,unknown
23560734791,2026-03-25,906cba2,dependency_audit,24,285,unknown
23560734791,2026-03-25,906cba2,sbom_generation,34,285,unknown
23560734791,2026-03-25,906cba2,trivy_container_scan,209,285,unknown
23560734791,2026-03-25,906cba2,trivy_fs_scan,91,285,unknown
23560734791,2026-03-25,906cba2,secrets_scan,58,285,unknown
23560734791,2026-03-25,906cba2,semgrep_scan,0,285,unknown
23560734791,2026-03-25,906cba2,normalize_hdf,40,285,unknown
23560734791,2026-03-25,906cba2,bundle_results,23,285,unknown
23560734791,2026-03-25,906cba2,publish_for_sparc_iac,0,285,unknown
23560668399,2026-03-25,73e6422,codeql_scan,446,531,unknown
23560668399,2026-03-25,73e6422,sbom_generation,29,531,unknown
23560668399,2026-03-25,73e6422,trivy_fs_scan,93,531,unknown
23560668399,2026-03-25,73e6422,dependency_audit,24,531,unknown
23560668399,2026-03-25,73e6422,brakeman_scan,71,531,unknown
23560668399,2026-03-25,73e6422,importmap_audit,19,531,unknown
23560668399,2026-03-25,73e6422,trivy_container_scan,232,531,unknown
23560668399,2026-03-25,73e6422,secrets_scan,58,531,unknown
23560668399,2026-03-25,73e6422,semgrep_scan,0,531,unknown
23560668399,2026-03-25,73e6422,normalize_hdf,35,531,unknown
23560668399,2026-03-25,73e6422,bundle_results,27,531,unknown
23560668399,2026-03-25,73e6422,publish_for_sparc_iac,7,531,unknown
23560276978,2026-03-25,c1b5a9e,codeql_scan,152,321,unknown
23560276978,2026-03-25,c1b5a9e,trivy_container_scan,238,321,unknown
23560276978,2026-03-25,c1b5a9e,brakeman_scan,73,321,unknown
23560276978,2026-03-25,c1b5a9e,secrets_scan,57,321,unknown
23560276978,2026-03-25,c1b5a9e,importmap_audit,20,321,unknown
23560276978,2026-03-25,c1b5a9e,trivy_fs_scan,94,321,unknown
23560276978,2026-03-25,c1b5a9e,dependency_audit,21,321,unknown
23560276978,2026-03-25,c1b5a9e,sbom_generation,30,321,unknown
23560276978,2026-03-25,c1b5a9e,semgrep_scan,0,321,unknown
23560276978,2026-03-25,c1b5a9e,normalize_hdf,41,321,unknown
23560276978,2026-03-25,c1b5a9e,bundle_results,27,321,unknown
23560276978,2026-03-25,c1b5a9e,publish_for_sparc_iac,0,321,unknown
23560276045,2026-03-25,4fcff37,brakeman_scan,82,306,unknown
23560276045,2026-03-25,4fcff37,secrets_scan,54,306,unknown
23560276045,2026-03-25,4fcff37,trivy_fs_scan,92,306,unknown
23560276045,2026-03-25,4fcff37,sbom_generation,38,306,unknown
23560276045,2026-03-25,4fcff37,dependency_audit,33,306,unknown
23560276045,2026-03-25,4fcff37,trivy_container_scan,211,306,unknown
23560276045,2026-03-25,4fcff37,importmap_audit,28,306,unknown
23560276045,2026-03-25,4fcff37,codeql_scan,148,306,unknown
23560276045,2026-03-25,4fcff37,semgrep_scan,0,306,unknown
23560276045,2026-03-25,4fcff37,normalize_hdf,46,306,unknown
23560276045,2026-03-25,4fcff37,bundle_results,37,306,unknown
23560276045,2026-03-25,4fcff37,publish_for_sparc_iac,0,306,unknown
23560231082,2026-03-25,9f54565,secrets_scan,55,333,unknown
23560231082,2026-03-25,9f54565,dependency_audit,23,333,unknown
23560231082,2026-03-25,9f54565,importmap_audit,24,333,unknown
23560231082,2026-03-25,9f54565,codeql_scan,159,333,unknown
23560231082,2026-03-25,9f54565,trivy_fs_scan,101,333,unknown
23560231082,2026-03-25,9f54565,sbom_generation,30,333,unknown
23560231082,2026-03-25,9f54565,trivy_container_scan,238,333,unknown
23560231082,2026-03-25,9f54565,brakeman_scan,84,333,unknown
23560231082,2026-03-25,9f54565,semgrep_scan,0,333,unknown
23560231082,2026-03-25,9f54565,normalize_hdf,46,333,unknown
23560231082,2026-03-25,9f54565,bundle_results,36,333,unknown
23560231082,2026-03-25,9f54565,publish_for_sparc_iac,0,333,unknown
23560215227,2026-03-25,5477c90,codeql_scan,452,545,unknown
23560215227,2026-03-25,5477c90,trivy_fs_scan,97,545,unknown
23560215227,2026-03-25,5477c90,secrets_scan,52,545,unknown
23560215227,2026-03-25,5477c90,dependency_audit,20,545,unknown
23560215227,2026-03-25,5477c90,sbom_generation,46,545,unknown
23560215227,2026-03-25,5477c90,trivy_container_scan,235,545,unknown
23560215227,2026-03-25,5477c90,importmap_audit,20,545,unknown
23560215227,2026-03-25,5477c90,brakeman_scan,73,545,unknown
23560215227,2026-03-25,5477c90,semgrep_scan,0,545,unknown
23560215227,2026-03-25,5477c90,normalize_hdf,51,545,unknown
23560215227,2026-03-25,5477c90,bundle_results,19,545,unknown
23560215227,2026-03-25,5477c90,publish_for_sparc_iac,7,545,unknown
23533703118,2026-03-25,f2517f1,sbom_generation,38,322,unknown
23533703118,2026-03-25,f2517f1,codeql_scan,139,322,unknown
23533703118,2026-03-25,f2517f1,importmap_audit,19,322,unknown
23533703118,2026-03-25,f2517f1,brakeman_scan,80,322,unknown
23533703118,2026-03-25,f2517f1,trivy_fs_scan,101,322,unknown
23533703118,2026-03-25,f2517f1,dependency_audit,22,322,unknown
23533703118,2026-03-25,f2517f1,trivy_container_scan,230,322,unknown
23533703118,2026-03-25,f2517f1,secrets_scan,58,322,unknown
23533703118,2026-03-25,f2517f1,semgrep_scan,0,322,unknown
23533703118,2026-03-25,f2517f1,normalize_hdf,50,322,unknown
23533703118,2026-03-25,f2517f1,bundle_results,30,322,unknown
23533703118,2026-03-25,f2517f1,publish_for_sparc_iac,0,322,unknown
23533685095,2026-03-25,3d22ab0,brakeman_scan,72,315,unknown
23533685095,2026-03-25,3d22ab0,dependency_audit,19,315,unknown
23533685095,2026-03-25,3d22ab0,codeql_scan,142,315,unknown
23533685095,2026-03-25,3d22ab0,importmap_audit,30,315,unknown
23533685095,2026-03-25,3d22ab0,sbom_generation,42,315,unknown
23533685095,2026-03-25,3d22ab0,secrets_scan,56,315,unknown
23533685095,2026-03-25,3d22ab0,trivy_container_scan,234,315,unknown
23533685095,2026-03-25,3d22ab0,trivy_fs_scan,91,315,unknown
23533685095,2026-03-25,3d22ab0,semgrep_scan,0,315,unknown
23533685095,2026-03-25,3d22ab0,normalize_hdf,50,315,unknown
23533685095,2026-03-25,3d22ab0,bundle_results,19,315,unknown
23533685095,2026-03-25,3d22ab0,publish_for_sparc_iac,0,315,unknown
23533660376,2026-03-25,0fb3d8d,trivy_fs_scan,92,324,unknown
23533660376,2026-03-25,0fb3d8d,dependency_audit,23,324,unknown
23533660376,2026-03-25,0fb3d8d,codeql_scan,151,324,unknown
23533660376,2026-03-25,0fb3d8d,sbom_generation,37,324,unknown
23533660376,2026-03-25,0fb3d8d,secrets_scan,55,324,unknown
23533660376,2026-03-25,0fb3d8d,trivy_container_scan,229,324,unknown
23533660376,2026-03-25,0fb3d8d,importmap_audit,21,324,unknown
23533660376,2026-03-25,0fb3d8d,brakeman_scan,74,324,unknown
23533660376,2026-03-25,0fb3d8d,semgrep_scan,0,324,unknown
23533660376,2026-03-25,0fb3d8d,normalize_hdf,48,324,unknown
23533660376,2026-03-25,0fb3d8d,bundle_results,34,324,unknown
23533660376,2026-03-25,0fb3d8d,publish_for_sparc_iac,0,324,unknown
23511642707,2026-03-24,d216828,codeql_scan,153,354,unknown
23511642707,2026-03-24,d216828,trivy_fs_scan,91,354,unknown
23511642707,2026-03-24,d216828,importmap_audit,22,354,unknown
23511642707,2026-03-24,d216828,secrets_scan,58,354,unknown
23511642707,2026-03-24,d216828,brakeman_scan,81,354,unknown
23511642707,2026-03-24,d216828,dependency_audit,21,354,unknown
23511642707,2026-03-24,d216828,trivy_container_scan,258,354,unknown
23511642707,2026-03-24,d216828,sbom_generation,42,354,unknown
23511642707,2026-03-24,d216828,semgrep_scan,0,354,unknown
23511642707,2026-03-24,d216828,normalize_hdf,50,354,unknown
23511642707,2026-03-24,d216828,bundle_results,34,354,unknown
23511642707,2026-03-24,d216828,publish_for_sparc_iac,0,354,unknown
23511576613,2026-03-24,913f72e,brakeman_scan,73,542,unknown
23511576613,2026-03-24,913f72e,trivy_fs_scan,94,542,unknown
23511576613,2026-03-24,913f72e,importmap_audit,20,542,unknown
23511576613,2026-03-24,913f72e,sbom_generation,68,542,unknown
23511576613,2026-03-24,913f72e,dependency_audit,23,542,unknown
23511576613,2026-03-24,913f72e,trivy_container_scan,227,542,unknown
23511576613,2026-03-24,913f72e,secrets_scan,58,542,unknown
23511576613,2026-03-24,913f72e,codeql_scan,447,542,unknown
23511576613,2026-03-24,913f72e,semgrep_scan,0,542,unknown
23511576613,2026-03-24,913f72e,normalize_hdf,40,542,unknown
23511576613,2026-03-24,913f72e,bundle_results,26,542,unknown
23511576613,2026-03-24,913f72e,publish_for_sparc_iac,13,542,unknown
23509451811,2026-03-24,ad1e9da,brakeman_scan,78,342,unknown
23509451811,2026-03-24,ad1e9da,importmap_audit,24,342,unknown
23509451811,2026-03-24,ad1e9da,secrets_scan,54,342,unknown
23509451811,2026-03-24,ad1e9da,codeql_scan,142,342,unknown
23509451811,2026-03-24,ad1e9da,dependency_audit,25,342,unknown
23509451811,2026-03-24,ad1e9da,trivy_fs_scan,107,342,unknown
23509451811,2026-03-24,ad1e9da,sbom_generation,31,342,unknown
23509451811,2026-03-24,ad1e9da,trivy_container_scan,237,342,unknown
23509451811,2026-03-24,ad1e9da,semgrep_scan,0,342,unknown
23509451811,2026-03-24,ad1e9da,normalize_hdf,52,342,unknown
23509451811,2026-03-24,ad1e9da,bundle_results,38,342,unknown
23509451811,2026-03-24,ad1e9da,publish_for_sparc_iac,0,342,unknown
23509449723,2026-03-24,9323cd2,trivy_fs_scan,93,326,unknown
23509449723,2026-03-24,9323cd2,brakeman_scan,72,326,unknown
23509449723,2026-03-24,9323cd2,sbom_generation,34,326,unknown
23509449723,2026-03-24,9323cd2,importmap_audit,19,326,unknown
23509449723,2026-03-24,9323cd2,trivy_container_scan,226,326,unknown
23509449723,2026-03-24,9323cd2,codeql_scan,155,326,unknown
23509449723,2026-03-24,9323cd2,secrets_scan,58,326,unknown
23509449723,2026-03-24,9323cd2,dependency_audit,24,326,unknown
23509449723,2026-03-24,9323cd2,semgrep_scan,0,326,unknown
23509449723,2026-03-24,9323cd2,normalize_hdf,52,326,unknown
23509449723,2026-03-24,9323cd2,bundle_results,34,326,unknown
23509449723,2026-03-24,9323cd2,publish_for_sparc_iac,0,326,unknown
23509440207,2026-03-24,113097f,importmap_audit,19,320,unknown
23509440207,2026-03-24,113097f,dependency_audit,19,320,unknown
23509440207,2026-03-24,113097f,codeql_scan,137,320,unknown
23509440207,2026-03-24,113097f,secrets_scan,56,320,unknown
23509440207,2026-03-24,113097f,trivy_container_scan,228,320,unknown
23509440207,2026-03-24,113097f,brakeman_scan,70,320,unknown
23509440207,2026-03-24,113097f,sbom_generation,30,320,unknown
23509440207,2026-03-24,113097f,trivy_fs_scan,96,320,unknown
23509440207,2026-03-24,113097f,semgrep_scan,0,320,unknown
23509440207,2026-03-24,113097f,normalize_hdf,49,320,unknown
23509440207,2026-03-24,113097f,bundle_results,31,320,unknown
23509440207,2026-03-24,113097f,publish_for_sparc_iac,0,320,unknown
23509381916,2026-03-24,5df6524,secrets_scan,58,534,unknown
23509381916,2026-03-24,5df6524,brakeman_scan,78,534,unknown
23509381916,2026-03-24,5df6524,importmap_audit,17,534,unknown
23509381916,2026-03-24,5df6524,trivy_fs_scan,97,534,unknown
23509381916,2026-03-24,5df6524,codeql_scan,448,534,unknown
23509381916,2026-03-24,5df6524,trivy_container_scan,242,534,unknown
23509381916,2026-03-24,5df6524,sbom_generation,31,534,unknown
23509381916,2026-03-24,5df6524,dependency_audit,19,534,unknown
23509381916,2026-03-24,5df6524,semgrep_scan,0,534,unknown
23509381916,2026-03-24,5df6524,normalize_hdf,34,534,unknown
23509381916,2026-03-24,5df6524,bundle_results,22,534,unknown
23509381916,2026-03-24,5df6524,publish_for_sparc_iac,12,534,unknown
23484778164,2026-03-24,6df7f59,importmap_audit,14,310,unknown
23484778164,2026-03-24,6df7f59,dependency_audit,19,310,unknown
23484778164,2026-03-24,6df7f59,secrets_scan,54,310,unknown
23484778164,2026-03-24,6df7f59,sbom_generation,31,310,unknown
23484778164,2026-03-24,6df7f59,brakeman_scan,73,310,unknown
23484778164,2026-03-24,6df7f59,codeql_scan,151,310,unknown
23484778164,2026-03-24,6df7f59,trivy_fs_scan,91,310,unknown
23484778164,2026-03-24,6df7f59,trivy_container_scan,219,310,unknown
23484778164,2026-03-24,6df7f59,semgrep_scan,0,310,unknown
23484778164,2026-03-24,6df7f59,normalize_hdf,46,310,unknown
23484778164,2026-03-24,6df7f59,bundle_results,34,310,unknown
23484778164,2026-03-24,6df7f59,publish_for_sparc_iac,0,310,unknown
23484746210,2026-03-24,71d4d9b,brakeman_scan,74,551,unknown
23484746210,2026-03-24,71d4d9b,dependency_audit,17,551,unknown
23484746210,2026-03-24,71d4d9b,trivy_container_scan,214,551,unknown
23484746210,2026-03-24,71d4d9b,codeql_scan,447,551,unknown
23484746210,2026-03-24,71d4d9b,sbom_generation,26,551,unknown
23484746210,2026-03-24,71d4d9b,secrets_scan,55,551,unknown
23484746210,2026-03-24,71d4d9b,importmap_audit,13,551,unknown
23484746210,2026-03-24,71d4d9b,trivy_fs_scan,92,551,unknown
23484746210,2026-03-24,71d4d9b,semgrep_scan,0,551,unknown
23484746210,2026-03-24,71d4d9b,normalize_hdf,50,551,unknown
23484746210,2026-03-24,71d4d9b,bundle_results,24,551,unknown
23484746210,2026-03-24,71d4d9b,publish_for_sparc_iac,13,551,unknown
23483849491,2026-03-24,bde0bc9,codeql_scan,146,337,unknown
23483849491,2026-03-24,bde0bc9,brakeman_scan,73,337,unknown
23483849491,2026-03-24,bde0bc9,trivy_container_scan,241,337,unknown
23483849491,2026-03-24,bde0bc9,dependency_audit,14,337,unknown
23483849491,2026-03-24,bde0bc9,sbom_generation,33,337,unknown
23483849491,2026-03-24,bde0bc9,importmap_audit,17,337,unknown
23483849491,2026-03-24,bde0bc9,trivy_fs_scan,92,337,unknown
23483849491,2026-03-24,bde0bc9,secrets_scan,58,337,unknown
23483849491,2026-03-24,bde0bc9,semgrep_scan,0,337,unknown
23483849491,2026-03-24,bde0bc9,normalize_hdf,50,337,unknown
23483849491,2026-03-24,bde0bc9,bundle_results,35,337,unknown
23483849491,2026-03-24,bde0bc9,publish_for_sparc_iac,0,337,unknown
23483447617,2026-03-24,3bad54f,dependency_audit,15,529,unknown
23483447617,2026-03-24,3bad54f,importmap_audit,14,529,unknown
23483447617,2026-03-24,3bad54f,secrets_scan,54,529,unknown
23483447617,2026-03-24,3bad54f,codeql_scan,443,529,unknown
23483447617,2026-03-24,3bad54f,sbom_generation,21,529,unknown
23483447617,2026-03-24,3bad54f,trivy_fs_scan,95,529,unknown
23483447617,2026-03-24,3bad54f,trivy_container_scan,211,529,unknown
23483447617,2026-03-24,3bad54f,brakeman_scan,67,529,unknown
23483447617,2026-03-24,3bad54f,semgrep_scan,0,529,unknown
23483447617,2026-03-24,3bad54f,normalize_hdf,36,529,unknown
23483447617,2026-03-24,3bad54f,bundle_results,26,529,unknown
23483447617,2026-03-24,3bad54f,publish_for_sparc_iac,7,529,unknown
23483239934,2026-03-24,96c8512,codeql_scan,148,302,unknown
23483239934,2026-03-24,96c8512,importmap_audit,20,302,unknown
23483239934,2026-03-24,96c8512,secrets_scan,57,302,unknown
23483239934,2026-03-24,96c8512,dependency_audit,26,302,unknown
23483239934,2026-03-24,96c8512,brakeman_scan,78,302,unknown
23483239934,2026-03-24,96c8512,trivy_fs_scan,89,302,unknown
23483239934,2026-03-24,96c8512,sbom_generation,25,302,unknown
23483239934,2026-03-24,96c8512,trivy_container_scan,226,302,unknown
23483239934,2026-03-24,96c8512,semgrep_scan,0,302,unknown
23483239934,2026-03-24,96c8512,normalize_hdf,39,302,unknown
23483239934,2026-03-24,96c8512,bundle_results,23,302,unknown
23483239934,2026-03-24,96c8512,publish_for_sparc_iac,0,302,unknown
23483239726,2026-03-24,fcad44e,trivy_fs_scan,95,317,unknown
23483239726,2026-03-24,fcad44e,codeql_scan,139,317,unknown
23483239726,2026-03-24,fcad44e,sbom_generation,26,317,unknown
23483239726,2026-03-24,fcad44e,trivy_container_scan,237,317,unknown
23483239726,2026-03-24,fcad44e,brakeman_scan,73,317,unknown
23483239726,2026-03-24,fcad44e,secrets_scan,55,317,unknown
23483239726,2026-03-24,fcad44e,dependency_audit,28,317,unknown
23483239726,2026-03-24,fcad44e,importmap_audit,20,317,unknown
23483239726,2026-03-24,fcad44e,semgrep_scan,0,317,unknown
23483239726,2026-03-24,fcad44e,normalize_hdf,43,317,unknown
23483239726,2026-03-24,fcad44e,bundle_results,24,317,unknown
23483239726,2026-03-24,fcad44e,publish_for_sparc_iac,0,317,unknown
23483239228,2026-03-24,e603c32,brakeman_scan,82,300,unknown
23483239228,2026-03-24,e603c32,codeql_scan,145,300,unknown
23483239228,2026-03-24,e603c32,sbom_generation,39,300,unknown
23483239228,2026-03-24,e603c32,secrets_scan,56,300,unknown
23483239228,2026-03-24,e603c32,trivy_container_scan,232,300,unknown
23483239228,2026-03-24,e603c32,dependency_audit,20,300,unknown
23483239228,2026-03-24,e603c32,importmap_audit,24,300,unknown
23483239228,2026-03-24,e603c32,trivy_fs_scan,91,300,unknown
23483239228,2026-03-24,e603c32,semgrep_scan,0,300,unknown
23483239228,2026-03-24,e603c32,normalize_hdf,37,300,unknown
23483239228,2026-03-24,e603c32,bundle_results,19,300,unknown
23483239228,2026-03-24,e603c32,publish_for_sparc_iac,0,300,unknown
23483237089,2026-03-24,29c8db4,sbom_generation,51,314,unknown
23483237089,2026-03-24,29c8db4,secrets_scan,58,314,unknown
23483237089,2026-03-24,29c8db4,brakeman_scan,80,314,unknown
23483237089,2026-03-24,29c8db4,importmap_audit,19,314,unknown
23483237089,2026-03-24,29c8db4,trivy_fs_scan,92,314,unknown
23483237089,2026-03-24,29c8db4,dependency_audit,18,314,unknown
23483237089,2026-03-24,29c8db4,codeql_scan,157,314,unknown
23483237089,2026-03-24,29c8db4,trivy_container_scan,238,314,unknown
23483237089,2026-03-24,29c8db4,semgrep_scan,0,314,unknown
23483237089,2026-03-24,29c8db4,normalize_hdf,41,314,unknown
23483237089,2026-03-24,29c8db4,bundle_results,23,314,unknown
23483237089,2026-03-24,29c8db4,publish_for_sparc_iac,0,314,unknown
23483209218,2026-03-24,f826f1e,trivy_container_scan,259,339,unknown
23483209218,2026-03-24,f826f1e,codeql_scan,143,339,unknown
23483209218,2026-03-24,f826f1e,brakeman_scan,75,339,unknown
23483209218,2026-03-24,f826f1e,secrets_scan,58,339,unknown
23483209218,2026-03-24,f826f1e,sbom_generation,22,339,unknown
23483209218,2026-03-24,f826f1e,importmap_audit,14,339,unknown
23483209218,2026-03-24,f826f1e,dependency_audit,18,339,unknown
23483209218,2026-03-24,f826f1e,trivy_fs_scan,89,339,unknown
23483209218,2026-03-24,f826f1e,semgrep_scan,0,339,unknown
23483209218,2026-03-24,f826f1e,normalize_hdf,41,339,unknown
23483209218,2026-03-24,f826f1e,bundle_results,26,339,unknown
23483209218,2026-03-24,f826f1e,publish_for_sparc_iac,0,339,unknown
23483171940,2026-03-24,638c1da,secrets_scan,58,537,unknown
23483171940,2026-03-24,638c1da,brakeman_scan,78,537,unknown
23483171940,2026-03-24,638c1da,dependency_audit,18,537,unknown
23483171940,2026-03-24,638c1da,sbom_generation,26,537,unknown
23483171940,2026-03-24,638c1da,importmap_audit,20,537,unknown
23483171940,2026-03-24,638c1da,trivy_container_scan,238,537,unknown
23483171940,2026-03-24,638c1da,trivy_fs_scan,92,537,unknown
23483171940,2026-03-24,638c1da,codeql_scan,452,537,unknown
23483171940,2026-03-24,638c1da,semgrep_scan,0,537,unknown
23483171940,2026-03-24,638c1da,normalize_hdf,40,537,unknown
23483171940,2026-03-24,638c1da,bundle_results,19,537,unknown
23483171940,2026-03-24,638c1da,publish_for_sparc_iac,10,537,unknown
23482870439,2026-03-24,69a7670,brakeman_scan,81,306,unknown
23482870439,2026-03-24,69a7670,trivy_container_scan,236,306,unknown
23482870439,2026-03-24,69a7670,secrets_scan,60,306,unknown
23482870439,2026-03-24,69a7670,dependency_audit,19,306,unknown
23482870439,2026-03-24,69a7670,sbom_generation,30,306,unknown
23482870439,2026-03-24,69a7670,importmap_audit,22,306,unknown
23482870439,2026-03-24,69a7670,trivy_fs_scan,93,306,unknown
23482870439,2026-03-24,69a7670,codeql_scan,148,306,unknown
23482870439,2026-03-24,69a7670,semgrep_scan,0,306,unknown
23482870439,2026-03-24,69a7670,normalize_hdf,37,306,unknown
23482870439,2026-03-24,69a7670,bundle_results,21,306,unknown
23482870439,2026-03-24,69a7670,publish_for_sparc_iac,0,306,unknown
23482869091,2026-03-24,5883c0b,codeql_scan,153,306,unknown
23482869091,2026-03-24,5883c0b,trivy_fs_scan,90,306,unknown
23482869091,2026-03-24,5883c0b,dependency_audit,19,306,unknown
23482869091,2026-03-24,5883c0b,secrets_scan,55,306,unknown
23482869091,2026-03-24,5883c0b,brakeman_scan,76,306,unknown
23482869091,2026-03-24,5883c0b,importmap_audit,19,306,unknown
23482869091,2026-03-24,5883c0b,sbom_generation,27,306,unknown
23482869091,2026-03-24,5883c0b,trivy_container_scan,235,306,unknown
23482869091,2026-03-24,5883c0b,semgrep_scan,0,306,unknown
23482869091,2026-03-24,5883c0b,normalize_hdf,37,306,unknown
23482869091,2026-03-24,5883c0b,bundle_results,24,306,unknown
23482869091,2026-03-24,5883c0b,publish_for_sparc_iac,0,306,unknown
23482867048,2026-03-24,743a06a,secrets_scan,55,297,unknown
23482867048,2026-03-24,743a06a,codeql_scan,153,297,unknown
23482867048,2026-03-24,743a06a,importmap_audit,24,297,unknown
23482867048,2026-03-24,743a06a,trivy_fs_scan,97,297,unknown
23482867048,2026-03-24,743a06a,brakeman_scan,78,297,unknown
23482867048,2026-03-24,743a06a,sbom_generation,29,297,unknown
23482867048,2026-03-24,743a06a,trivy_container_scan,224,297,unknown
23482867048,2026-03-24,743a06a,dependency_audit,18,297,unknown
23482867048,2026-03-24,743a06a,semgrep_scan,0,297,unknown
23482867048,2026-03-24,743a06a,normalize_hdf,38,297,unknown
23482867048,2026-03-24,743a06a,bundle_results,23,297,unknown
23482867048,2026-03-24,743a06a,publish_for_sparc_iac,0,297,unknown
23482866888,2026-03-24,2b4c969,secrets_scan,54,327,unknown
23482866888,2026-03-24,2b4c969,sbom_generation,55,327,unknown
23482866888,2026-03-24,2b4c969,importmap_audit,21,327,unknown
23482866888,2026-03-24,2b4c969,dependency_audit,19,327,unknown
23482866888,2026-03-24,2b4c969,brakeman_scan,84,327,unknown
23482866888,2026-03-24,2b4c969,trivy_container_scan,233,327,unknown
23482866888,2026-03-24,2b4c969,codeql_scan,143,327,unknown
23482866888,2026-03-24,2b4c969,trivy_fs_scan,97,327,unknown
23482866888,2026-03-24,2b4c969,semgrep_scan,0,327,unknown
23482866888,2026-03-24,2b4c969,normalize_hdf,49,327,unknown
23482866888,2026-03-24,2b4c969,bundle_results,32,327,unknown
23482866888,2026-03-24,2b4c969,publish_for_sparc_iac,0,327,unknown
23482837359,2026-03-24,abe95b4,codeql_scan,142,306,unknown
23482837359,2026-03-24,abe95b4,importmap_audit,21,306,unknown
23482837359,2026-03-24,abe95b4,brakeman_scan,74,306,unknown
23482837359,2026-03-24,abe95b4,trivy_container_scan,225,306,unknown
23482837359,2026-03-24,abe95b4,trivy_fs_scan,95,306,unknown
23482837359,2026-03-24,abe95b4,sbom_generation,56,306,unknown
23482837359,2026-03-24,abe95b4,secrets_scan,56,306,unknown
23482837359,2026-03-24,abe95b4,dependency_audit,21,306,unknown
23482837359,2026-03-24,abe95b4,semgrep_scan,0,306,unknown
23482837359,2026-03-24,abe95b4,normalize_hdf,48,306,unknown
23482837359,2026-03-24,abe95b4,bundle_results,23,306,unknown
23482837359,2026-03-24,abe95b4,publish_for_sparc_iac,0,306,unknown
23482801801,2026-03-24,ffbb831,importmap_audit,20,527,unknown
23482801801,2026-03-24,ffbb831,brakeman_scan,72,527,unknown
23482801801,2026-03-24,ffbb831,codeql_scan,434,527,unknown
23482801801,2026-03-24,ffbb831,dependency_audit,18,527,unknown
23482801801,2026-03-24,ffbb831,sbom_generation,33,527,unknown
23482801801,2026-03-24,ffbb831,secrets_scan,58,527,unknown
23482801801,2026-03-24,ffbb831,trivy_fs_scan,95,527,unknown
23482801801,2026-03-24,ffbb831,trivy_container_scan,228,527,unknown
23482801801,2026-03-24,ffbb831,semgrep_scan,0,527,unknown
23482801801,2026-03-24,ffbb831,normalize_hdf,37,527,unknown
23482801801,2026-03-24,ffbb831,bundle_results,27,527,unknown
23482801801,2026-03-24,ffbb831,publish_for_sparc_iac,12,527,unknown
23482485337,2026-03-24,a286dc1,dependency_audit,11,315,unknown
23482485337,2026-03-24,a286dc1,brakeman_scan,68,315,unknown
23482485337,2026-03-24,a286dc1,secrets_scan,57,315,unknown
23482485337,2026-03-24,a286dc1,importmap_audit,16,315,unknown
23482485337,2026-03-24,a286dc1,trivy_container_scan,223,315,unknown
23482485337,2026-03-24,a286dc1,trivy_fs_scan,102,315,unknown
23482485337,2026-03-24,a286dc1,codeql_scan,139,315,unknown
23482485337,2026-03-24,a286dc1,sbom_generation,23,315,unknown
23482485337,2026-03-24,a286dc1,semgrep_scan,0,315,unknown
23482485337,2026-03-24,a286dc1,normalize_hdf,50,315,unknown
23482485337,2026-03-24,a286dc1,bundle_results,32,315,unknown
23482485337,2026-03-24,a286dc1,publish_for_sparc_iac,0,315,unknown
23482314505,2026-03-24,b7ba6c2,dependency_audit,19,328,unknown
23482314505,2026-03-24,b7ba6c2,codeql_scan,147,328,unknown
23482314505,2026-03-24,b7ba6c2,secrets_scan,61,328,unknown
23482314505,2026-03-24,b7ba6c2,brakeman_scan,74,328,unknown
23482314505,2026-03-24,b7ba6c2,trivy_container_scan,232,328,unknown
23482314505,2026-03-24,b7ba6c2,sbom_generation,35,328,unknown
23482314505,2026-03-24,b7ba6c2,trivy_fs_scan,96,328,unknown
23482314505,2026-03-24,b7ba6c2,importmap_audit,20,328,unknown
23482314505,2026-03-24,b7ba6c2,semgrep_scan,0,328,unknown
23482314505,2026-03-24,b7ba6c2,normalize_hdf,51,328,unknown
23482314505,2026-03-24,b7ba6c2,bundle_results,35,328,unknown
23482314505,2026-03-24,b7ba6c2,publish_for_sparc_iac,0,328,unknown
23459432341,2026-03-23,c30cecb,codeql_scan,144,331,unknown
23459432341,2026-03-23,c30cecb,brakeman_scan,80,331,unknown
23459432341,2026-03-23,c30cecb,dependency_audit,26,331,unknown
23459432341,2026-03-23,c30cecb,importmap_audit,24,331,unknown
23459432341,2026-03-23,c30cecb,sbom_generation,31,331,unknown
23459432341,2026-03-23,c30cecb,secrets_scan,55,331,unknown
23459432341,2026-03-23,c30cecb,trivy_container_scan,238,331,unknown
23459432341,2026-03-23,c30cecb,trivy_fs_scan,99,331,unknown
23459432341,2026-03-23,c30cecb,semgrep_scan,0,331,unknown
23459432341,2026-03-23,c30cecb,normalize_hdf,50,331,unknown
23459432341,2026-03-23,c30cecb,bundle_results,31,331,unknown
23459432341,2026-03-23,c30cecb,publish_for_sparc_iac,0,331,unknown
23438544985,2026-03-23,1543d5a,dependency_audit,18,554,unknown
23438544985,2026-03-23,1543d5a,importmap_audit,16,554,unknown
23438544985,2026-03-23,1543d5a,secrets_scan,54,554,unknown
23438544985,2026-03-23,1543d5a,codeql_scan,448,554,unknown
23438544985,2026-03-23,1543d5a,brakeman_scan,73,554,unknown
23438544985,2026-03-23,1543d5a,trivy_fs_scan,92,554,unknown
23438544985,2026-03-23,1543d5a,trivy_container_scan,225,554,unknown
23438544985,2026-03-23,1543d5a,sbom_generation,53,554,unknown
23438544985,2026-03-23,1543d5a,semgrep_scan,0,554,unknown
23438544985,2026-03-23,1543d5a,normalize_hdf,48,554,unknown
23438544985,2026-03-23,1543d5a,bundle_results,32,554,unknown
23438544985,2026-03-23,1543d5a,publish_for_sparc_iac,9,554,unknown
23436405468,2026-03-23,ea7eefa,codeql_scan,162,326,unknown
23436405468,2026-03-23,ea7eefa,importmap_audit,16,326,unknown
23436405468,2026-03-23,ea7eefa,secrets_scan,55,326,unknown
23436405468,2026-03-23,ea7eefa,trivy_fs_scan,90,326,unknown
23436405468,2026-03-23,ea7eefa,brakeman_scan,66,326,unknown
23436405468,2026-03-23,ea7eefa,dependency_audit,12,326,unknown
23436405468,2026-03-23,ea7eefa,trivy_container_scan,228,326,unknown
23436405468,2026-03-23,ea7eefa,sbom_generation,25,326,unknown
23436405468,2026-03-23,ea7eefa,semgrep_scan,0,326,unknown
23436405468,2026-03-23,ea7eefa,normalize_hdf,49,326,unknown
23436405468,2026-03-23,ea7eefa,bundle_results,36,326,unknown
23436405468,2026-03-23,ea7eefa,publish_for_sparc_iac,0,326,unknown
23436095524,2026-03-23,5d61b73,secrets_scan,54,553,unknown
23436095524,2026-03-23,5d61b73,brakeman_scan,70,553,unknown
23436095524,2026-03-23,5d61b73,sbom_generation,29,553,unknown
23436095524,2026-03-23,5d61b73,trivy_fs_scan,100,553,unknown
23436095524,2026-03-23,5d61b73,codeql_scan,447,553,unknown
23436095524,2026-03-23,5d61b73,trivy_container_scan,240,553,unknown
23436095524,2026-03-23,5d61b73,dependency_audit,14,553,unknown
23436095524,2026-03-23,5d61b73,importmap_audit,16,553,unknown
23436095524,2026-03-23,5d61b73,semgrep_scan,0,553,unknown
23436095524,2026-03-23,5d61b73,normalize_hdf,53,553,unknown
23436095524,2026-03-23,5d61b73,bundle_results,30,553,unknown
23436095524,2026-03-23,5d61b73,publish_for_sparc_iac,10,553,unknown
23435646530,2026-03-23,d2117a6,codeql_scan,148,322,unknown
23435646530,2026-03-23,d2117a6,brakeman_scan,66,322,unknown
23435646530,2026-03-23,d2117a6,trivy_fs_scan,92,322,unknown
23435646530,2026-03-23,d2117a6,importmap_audit,15,322,unknown
23435646530,2026-03-23,d2117a6,dependency_audit,17,322,unknown
23435646530,2026-03-23,d2117a6,secrets_scan,57,322,unknown
23435646530,2026-03-23,d2117a6,trivy_container_scan,227,322,unknown
23435646530,2026-03-23,d2117a6,sbom_generation,24,322,unknown
23435646530,2026-03-23,d2117a6,semgrep_scan,0,322,unknown
23435646530,2026-03-23,d2117a6,normalize_hdf,50,322,unknown
23435646530,2026-03-23,d2117a6,bundle_results,33,322,unknown
23435646530,2026-03-23,d2117a6,publish_for_sparc_iac,0,322,unknown
23433989245,2026-03-23,338cb71,secrets_scan,57,318,unknown
23433989245,2026-03-23,338cb71,codeql_scan,149,318,unknown
23433989245,2026-03-23,338cb71,brakeman_scan,75,318,unknown
23433989245,2026-03-23,338cb71,dependency_audit,14,318,unknown
23433989245,2026-03-23,338cb71,importmap_audit,13,318,unknown
23433989245,2026-03-23,338cb71,sbom_generation,35,318,unknown
23433989245,2026-03-23,338cb71,trivy_container_scan,234,318,unknown
23433989245,2026-03-23,338cb71,trivy_fs_scan,95,318,unknown
23433989245,2026-03-23,338cb71,semgrep_scan,0,318,unknown
23433989245,2026-03-23,338cb71,normalize_hdf,51,318,unknown
23433989245,2026-03-23,338cb71,bundle_results,21,318,unknown
23433989245,2026-03-23,338cb71,publish_for_sparc_iac,0,318,unknown
23433942280,2026-03-23,a877810,dependency_audit,18,562,unknown
23433942280,2026-03-23,a877810,sbom_generation,24,562,unknown
23433942280,2026-03-23,a877810,importmap_audit,17,562,unknown
23433942280,2026-03-23,a877810,codeql_scan,464,562,unknown
23433942280,2026-03-23,a877810,secrets_scan,57,562,unknown
23433942280,2026-03-23,a877810,brakeman_scan,68,562,unknown
23433942280,2026-03-23,a877810,trivy_fs_scan,92,562,unknown
23433942280,2026-03-23,a877810,trivy_container_scan,243,562,unknown
23433942280,2026-03-23,a877810,semgrep_scan,0,562,unknown
23433942280,2026-03-23,a877810,normalize_hdf,51,562,unknown
23433942280,2026-03-23,a877810,bundle_results,21,562,unknown
23433942280,2026-03-23,a877810,publish_for_sparc_iac,11,562,unknown
23433879160,2026-03-23,06437ea,brakeman_scan,75,282,unknown
23433879160,2026-03-23,06437ea,secrets_scan,54,282,unknown
23433879160,2026-03-23,06437ea,importmap_audit,17,282,unknown
23433879160,2026-03-23,06437ea,dependency_audit,18,282,unknown
23433879160,2026-03-23,06437ea,trivy_fs_scan,101,282,unknown
23433879160,2026-03-23,06437ea,codeql_scan,152,282,unknown
23433879160,2026-03-23,06437ea,sbom_generation,42,282,unknown
23433879160,2026-03-23,06437ea,trivy_container_scan,210,282,unknown
23433879160,2026-03-23,06437ea,semgrep_scan,0,282,unknown
23433879160,2026-03-23,06437ea,normalize_hdf,39,282,unknown
23433879160,2026-03-23,06437ea,bundle_results,21,282,unknown
23433879160,2026-03-23,06437ea,publish_for_sparc_iac,0,282,unknown
23433706198,2026-03-23,504fea6,secrets_scan,37,334,unknown
23433706198,2026-03-23,504fea6,codeql_scan,149,334,unknown
23433706198,2026-03-23,504fea6,trivy_fs_scan,120,334,unknown
23433706198,2026-03-23,504fea6,brakeman_scan,68,334,unknown
23433706198,2026-03-23,504fea6,dependency_audit,12,334,unknown
23433706198,2026-03-23,504fea6,sbom_generation,26,334,unknown
23433706198,2026-03-23,504fea6,importmap_audit,12,334,unknown
23433706198,2026-03-23,504fea6,trivy_container_scan,232,334,unknown
23433706198,2026-03-23,504fea6,semgrep_scan,0,334,unknown
23433706198,2026-03-23,504fea6,normalize_hdf,53,334,unknown
23433706198,2026-03-23,504fea6,bundle_results,37,334,unknown
23433706198,2026-03-23,504fea6,publish_for_sparc_iac,0,334,unknown
23433562495,2026-03-23,e1a2cfd,codeql_scan,145,339,unknown
23433562495,2026-03-23,e1a2cfd,trivy_fs_scan,96,339,unknown
23433562495,2026-03-23,e1a2cfd,brakeman_scan,69,339,unknown
23433562495,2026-03-23,e1a2cfd,secrets_scan,59,339,unknown
23433562495,2026-03-23,e1a2cfd,trivy_container_scan,240,339,unknown
23433562495,2026-03-23,e1a2cfd,dependency_audit,12,339,unknown
23433562495,2026-03-23,e1a2cfd,sbom_generation,30,339,unknown
23433562495,2026-03-23,e1a2cfd,importmap_audit,17,339,unknown
23433562495,2026-03-23,e1a2cfd,semgrep_scan,0,339,unknown
23433562495,2026-03-23,e1a2cfd,normalize_hdf,50,339,unknown
23433562495,2026-03-23,e1a2cfd,bundle_results,36,339,unknown
23433562495,2026-03-23,e1a2cfd,publish_for_sparc_iac,0,339,unknown
23432524550,2026-03-23,546cace,importmap_audit,17,547,unknown
23432524550,2026-03-23,546cace,secrets_scan,54,547,unknown
23432524550,2026-03-23,546cace,brakeman_scan,73,547,unknown
23432524550,2026-03-23,546cace,codeql_scan,452,547,unknown
23432524550,2026-03-23,546cace,trivy_container_scan,234,547,unknown
23432524550,2026-03-23,546cace,sbom_generation,23,547,unknown
23432524550,2026-03-23,546cace,dependency_audit,14,547,unknown
23432524550,2026-03-23,546cace,trivy_fs_scan,103,547,unknown
23432524550,2026-03-23,546cace,semgrep_scan,0,547,unknown
23432524550,2026-03-23,546cace,normalize_hdf,37,547,unknown
23432524550,2026-03-23,546cace,bundle_results,35,547,unknown
23432524550,2026-03-23,546cace,publish_for_sparc_iac,8,547,unknown
23432157516,2026-03-23,f7e8de5,importmap_audit,16,331,unknown
23432157516,2026-03-23,f7e8de5,trivy_fs_scan,99,331,unknown
23432157516,2026-03-23,f7e8de5,trivy_container_scan,232,331,unknown
23432157516,2026-03-23,f7e8de5,secrets_scan,58,331,unknown
23432157516,2026-03-23,f7e8de5,sbom_generation,26,331,unknown
23432157516,2026-03-23,f7e8de5,codeql_scan,145,331,unknown
23432157516,2026-03-23,f7e8de5,brakeman_scan,70,331,unknown
23432157516,2026-03-23,f7e8de5,dependency_audit,18,331,unknown
23432157516,2026-03-23,f7e8de5,semgrep_scan,0,331,unknown
23432157516,2026-03-23,f7e8de5,normalize_hdf,48,331,unknown
23432157516,2026-03-23,f7e8de5,bundle_results,38,331,unknown
23432157516,2026-03-23,f7e8de5,publish_for_sparc_iac,0,331,unknown
23431511701,2026-03-23,271285d,importmap_audit,20,322,unknown
23431511701,2026-03-23,271285d,trivy_container_scan,230,322,unknown
23431511701,2026-03-23,271285d,secrets_scan,57,322,unknown
23431511701,2026-03-23,271285d,codeql_scan,143,322,unknown
23431511701,2026-03-23,271285d,brakeman_scan,78,322,unknown
23431511701,2026-03-23,271285d,dependency_audit,20,322,unknown
23431511701,2026-03-23,271285d,trivy_fs_scan,93,322,unknown
23431511701,2026-03-23,271285d,sbom_generation,28,322,unknown
23431511701,2026-03-23,271285d,semgrep_scan,0,322,unknown
23431511701,2026-03-23,271285d,normalize_hdf,56,322,unknown
23431511701,2026-03-23,271285d,bundle_results,24,322,unknown
23431511701,2026-03-23,271285d,publish_for_sparc_iac,0,322,unknown
23431493588,2026-03-23,a9932b2,trivy_fs_scan,97,328,unknown
23431493588,2026-03-23,a9932b2,dependency_audit,22,328,unknown
23431493588,2026-03-23,a9932b2,brakeman_scan,74,328,unknown
23431493588,2026-03-23,a9932b2,importmap_audit,21,328,unknown
23431493588,2026-03-23,a9932b2,trivy_container_scan,247,328,unknown
23431493588,2026-03-23,a9932b2,codeql_scan,157,328,unknown
23431493588,2026-03-23,a9932b2,sbom_generation,41,328,unknown
23431493588,2026-03-23,a9932b2,secrets_scan,56,328,unknown
23431493588,2026-03-23,a9932b2,semgrep_scan,0,328,unknown
23431493588,2026-03-23,a9932b2,normalize_hdf,41,328,unknown
23431493588,2026-03-23,a9932b2,bundle_results,26,328,unknown
23431493588,2026-03-23,a9932b2,publish_for_sparc_iac,0,328,unknown
23431461761,2026-03-23,9b61e9b,codeql_scan,143,323,unknown
23431461761,2026-03-23,9b61e9b,dependency_audit,19,323,unknown
23431461761,2026-03-23,9b61e9b,brakeman_scan,73,323,unknown
23431461761,2026-03-23,9b61e9b,secrets_scan,54,323,unknown
23431461761,2026-03-23,9b61e9b,trivy_fs_scan,92,323,unknown
23431461761,2026-03-23,9b61e9b,sbom_generation,43,323,unknown
23431461761,2026-03-23,9b61e9b,trivy_container_scan,238,323,unknown
23431461761,2026-03-23,9b61e9b,importmap_audit,18,323,unknown
23431461761,2026-03-23,9b61e9b,semgrep_scan,0,323,unknown
23431461761,2026-03-23,9b61e9b,normalize_hdf,49,323,unknown
23431461761,2026-03-23,9b61e9b,bundle_results,23,323,unknown
23431461761,2026-03-23,9b61e9b,publish_for_sparc_iac,0,323,unknown
23431439690,2026-03-23,dd06936,sbom_generation,56,325,unknown
23431439690,2026-03-23,dd06936,trivy_fs_scan,98,325,unknown
23431439690,2026-03-23,dd06936,dependency_audit,22,325,unknown
23431439690,2026-03-23,dd06936,trivy_container_scan,229,325,unknown
23431439690,2026-03-23,dd06936,importmap_audit,22,325,unknown
23431439690,2026-03-23,dd06936,brakeman_scan,72,325,unknown
23431439690,2026-03-23,dd06936,codeql_scan,158,325,unknown
23431439690,2026-03-23,dd06936,secrets_scan,60,325,unknown
23431439690,2026-03-23,dd06936,semgrep_scan,0,325,unknown
23431439690,2026-03-23,dd06936,normalize_hdf,49,325,unknown
23431439690,2026-03-23,dd06936,bundle_results,34,325,unknown
23431439690,2026-03-23,dd06936,publish_for_sparc_iac,0,325,unknown
23431414978,2026-03-23,9e28b75,importmap_audit,17,335,unknown
23431414978,2026-03-23,9e28b75,secrets_scan,58,335,unknown
23431414978,2026-03-23,9e28b75,codeql_scan,142,335,unknown
23431414978,2026-03-23,9e28b75,dependency_audit,13,335,unknown
23431414978,2026-03-23,9e28b75,trivy_container_scan,234,335,unknown
23431414978,2026-03-23,9e28b75,sbom_generation,24,335,unknown
23431414978,2026-03-23,9e28b75,brakeman_scan,69,335,unknown
23431414978,2026-03-23,9e28b75,trivy_fs_scan,98,335,unknown
23431414978,2026-03-23,9e28b75,semgrep_scan,0,335,unknown
23431414978,2026-03-23,9e28b75,normalize_hdf,57,335,unknown
23431414978,2026-03-23,9e28b75,bundle_results,32,335,unknown
23431414978,2026-03-23,9e28b75,publish_for_sparc_iac,0,335,unknown
23430565599,2026-03-23,0f2974c,dependency_audit,19,559,unknown
23430565599,2026-03-23,0f2974c,trivy_container_scan,232,559,unknown
23430565599,2026-03-23,0f2974c,secrets_scan,60,559,unknown
23430565599,2026-03-23,0f2974c,codeql_scan,440,559,unknown
23430565599,2026-03-23,0f2974c,sbom_generation,23,559,unknown
23430565599,2026-03-23,0f2974c,importmap_audit,16,559,unknown
23430565599,2026-03-23,0f2974c,trivy_fs_scan,94,559,unknown
23430565599,2026-03-23,0f2974c,brakeman_scan,70,559,unknown
23430565599,2026-03-23,0f2974c,semgrep_scan,0,559,unknown
23430565599,2026-03-23,0f2974c,normalize_hdf,58,559,unknown
23430565599,2026-03-23,0f2974c,bundle_results,31,559,unknown
23430565599,2026-03-23,0f2974c,publish_for_sparc_iac,14,559,unknown
23430303578,2026-03-23,1fa8521,importmap_audit,12,332,unknown
23430303578,2026-03-23,1fa8521,codeql_scan,162,332,unknown
23430303578,2026-03-23,1fa8521,trivy_container_scan,239,332,unknown
23430303578,2026-03-23,1fa8521,trivy_fs_scan,91,332,unknown
23430303578,2026-03-23,1fa8521,dependency_audit,13,332,unknown
23430303578,2026-03-23,1fa8521,brakeman_scan,71,332,unknown
23430303578,2026-03-23,1fa8521,sbom_generation,35,332,unknown
23430303578,2026-03-23,1fa8521,secrets_scan,56,332,unknown
23430303578,2026-03-23,1fa8521,semgrep_scan,0,332,unknown
23430303578,2026-03-23,1fa8521,normalize_hdf,50,332,unknown
23430303578,2026-03-23,1fa8521,bundle_results,33,332,unknown
23430303578,2026-03-23,1fa8521,publish_for_sparc_iac,0,332,unknown
23430113068,2026-03-23,e039850,importmap_audit,16,325,unknown
23430113068,2026-03-23,e039850,codeql_scan,151,325,unknown
23430113068,2026-03-23,e039850,trivy_fs_scan,96,325,unknown
23430113068,2026-03-23,e039850,secrets_scan,60,325,unknown
23430113068,2026-03-23,e039850,dependency_audit,13,325,unknown
23430113068,2026-03-23,e039850,brakeman_scan,67,325,unknown
23430113068,2026-03-23,e039850,trivy_container_scan,225,325,unknown
23430113068,2026-03-23,e039850,sbom_generation,26,325,unknown
23430113068,2026-03-23,e039850,semgrep_scan,0,325,unknown
23430113068,2026-03-23,e039850,normalize_hdf,50,325,unknown
23430113068,2026-03-23,e039850,bundle_results,37,325,unknown
23430113068,2026-03-23,e039850,publish_for_sparc_iac,0,325,unknown
23425862143,2026-03-23,6c1de27,dependency_audit,14,541,unknown
23425862143,2026-03-23,6c1de27,importmap_audit,18,541,unknown
23425862143,2026-03-23,6c1de27,brakeman_scan,66,541,unknown
23425862143,2026-03-23,6c1de27,trivy_fs_scan,89,541,unknown
23425862143,2026-03-23,6c1de27,sbom_generation,36,541,unknown
23425862143,2026-03-23,6c1de27,codeql_scan,436,541,unknown
23425862143,2026-03-23,6c1de27,secrets_scan,60,541,unknown
23425862143,2026-03-23,6c1de27,trivy_container_scan,240,541,unknown
23425862143,2026-03-23,6c1de27,semgrep_scan,0,541,unknown
23425862143,2026-03-23,6c1de27,normalize_hdf,51,541,unknown
23425862143,2026-03-23,6c1de27,bundle_results,33,541,unknown
23425862143,2026-03-23,6c1de27,publish_for_sparc_iac,8,541,unknown
23425247753,2026-03-23,6c1de27,codeql_scan,448,560,unknown
23425247753,2026-03-23,6c1de27,trivy_fs_scan,92,560,unknown
23425247753,2026-03-23,6c1de27,sbom_generation,27,560,unknown
23425247753,2026-03-23,6c1de27,importmap_audit,12,560,unknown
23425247753,2026-03-23,6c1de27,dependency_audit,12,560,unknown
23425247753,2026-03-23,6c1de27,brakeman_scan,67,560,unknown
23425247753,2026-03-23,6c1de27,trivy_container_scan,231,560,unknown
23425247753,2026-03-23,6c1de27,secrets_scan,60,560,unknown
23425247753,2026-03-23,6c1de27,semgrep_scan,0,560,unknown
23425247753,2026-03-23,6c1de27,normalize_hdf,48,560,unknown
23425247753,2026-03-23,6c1de27,bundle_results,37,560,unknown
23425247753,2026-03-23,6c1de27,publish_for_sparc_iac,9,560,unknown
23418112170,2026-03-23,292fa4b,dependency_audit,12,324,unknown
23418112170,2026-03-23,292fa4b,importmap_audit,14,324,unknown
23418112170,2026-03-23,292fa4b,trivy_container_scan,228,324,unknown
23418112170,2026-03-23,292fa4b,trivy_fs_scan,88,324,unknown
23418112170,2026-03-23,292fa4b,codeql_scan,150,324,unknown
23418112170,2026-03-23,292fa4b,sbom_generation,41,324,unknown
23418112170,2026-03-23,292fa4b,brakeman_scan,72,324,unknown
23418112170,2026-03-23,292fa4b,secrets_scan,58,324,unknown
23418112170,2026-03-23,292fa4b,semgrep_scan,0,324,unknown
23418112170,2026-03-23,292fa4b,normalize_hdf,53,324,unknown
23418112170,2026-03-23,292fa4b,bundle_results,32,324,unknown
23418112170,2026-03-23,292fa4b,publish_for_sparc_iac,0,324,unknown
23417835441,2026-03-23,93221e8,dependency_audit,16,320,unknown
23417835441,2026-03-23,93221e8,trivy_container_scan,224,320,unknown
23417835441,2026-03-23,93221e8,sbom_generation,33,320,unknown
23417835441,2026-03-23,93221e8,trivy_fs_scan,91,320,unknown
23417835441,2026-03-23,93221e8,codeql_scan,147,320,unknown
23417835441,2026-03-23,93221e8,secrets_scan,55,320,unknown
23417835441,2026-03-23,93221e8,importmap_audit,15,320,unknown
23417835441,2026-03-23,93221e8,brakeman_scan,66,320,unknown
23417835441,2026-03-23,93221e8,semgrep_scan,0,320,unknown
23417835441,2026-03-23,93221e8,normalize_hdf,50,320,unknown
23417835441,2026-03-23,93221e8,bundle_results,36,320,unknown
23417835441,2026-03-23,93221e8,publish_for_sparc_iac,0,320,unknown
23416881076,2026-03-23,406a2ed,secrets_scan,55,321,unknown
23416881076,2026-03-23,406a2ed,codeql_scan,147,321,unknown
23416881076,2026-03-23,406a2ed,brakeman_scan,72,321,unknown
23416881076,2026-03-23,406a2ed,trivy_fs_scan,98,321,unknown
23416881076,2026-03-23,406a2ed,dependency_audit,13,321,unknown
23416881076,2026-03-23,406a2ed,sbom_generation,27,321,unknown
23416881076,2026-03-23,406a2ed,importmap_audit,18,321,unknown
23416881076,2026-03-23,406a2ed,trivy_container_scan,227,321,unknown
23416881076,2026-03-23,406a2ed,semgrep_scan,0,321,unknown
23416881076,2026-03-23,406a2ed,normalize_hdf,47,321,unknown
23416881076,2026-03-23,406a2ed,bundle_results,36,321,unknown
23416881076,2026-03-23,406a2ed,publish_for_sparc_iac,0,321,unknown
23416596366,2026-03-23,e314d97,codeql_scan,151,324,unknown
23416596366,2026-03-23,e314d97,brakeman_scan,69,324,unknown
23416596366,2026-03-23,e314d97,dependency_audit,16,324,unknown
23416596366,2026-03-23,e314d97,secrets_scan,52,324,unknown
23416596366,2026-03-23,e314d97,importmap_audit,12,324,unknown
23416596366,2026-03-23,e314d97,trivy_fs_scan,92,324,unknown
23416596366,2026-03-23,e314d97,trivy_container_scan,234,324,unknown
23416596366,2026-03-23,e314d97,sbom_generation,25,324,unknown
23416596366,2026-03-23,e314d97,semgrep_scan,0,324,unknown
23416596366,2026-03-23,e314d97,normalize_hdf,49,324,unknown
23416596366,2026-03-23,e314d97,bundle_results,31,324,unknown
23416596366,2026-03-23,e314d97,publish_for_sparc_iac,0,324,unknown
23416148794,2026-03-23,f811e72,codeql_scan,152,334,unknown
23416148794,2026-03-23,f811e72,trivy_fs_scan,88,334,unknown
23416148794,2026-03-23,f811e72,brakeman_scan,70,334,unknown
23416148794,2026-03-23,f811e72,importmap_audit,13,334,unknown
23416148794,2026-03-23,f811e72,dependency_audit,14,334,unknown
23416148794,2026-03-23,f811e72,sbom_generation,23,334,unknown
23416148794,2026-03-23,f811e72,secrets_scan,55,334,unknown
23416148794,2026-03-23,f811e72,trivy_container_scan,235,334,unknown
23416148794,2026-03-23,f811e72,semgrep_scan,0,334,unknown
23416148794,2026-03-23,f811e72,normalize_hdf,48,334,unknown
23416148794,2026-03-23,f811e72,bundle_results,33,334,unknown
23416148794,2026-03-23,f811e72,publish_for_sparc_iac,0,334,unknown
23414428087,2026-03-22,09da49f,dependency_audit,14,328,unknown
23414428087,2026-03-22,09da49f,codeql_scan,145,328,unknown
23414428087,2026-03-22,09da49f,secrets_scan,52,328,unknown
23414428087,2026-03-22,09da49f,brakeman_scan,80,328,unknown
23414428087,2026-03-22,09da49f,trivy_container_scan,237,328,unknown
23414428087,2026-03-22,09da49f,importmap_audit,14,328,unknown
23414428087,2026-03-22,09da49f,trivy_fs_scan,91,328,unknown
23414428087,2026-03-22,09da49f,sbom_generation,50,328,unknown
23414428087,2026-03-22,09da49f,semgrep_scan,0,328,unknown
23414428087,2026-03-22,09da49f,normalize_hdf,48,328,unknown
23414428087,2026-03-22,09da49f,bundle_results,33,328,unknown
23414428087,2026-03-22,09da49f,publish_for_sparc_iac,0,328,unknown
23412434001,2026-03-22,3b1d26c,importmap_audit,12,550,unknown
23412434001,2026-03-22,3b1d26c,secrets_scan,58,550,unknown
23412434001,2026-03-22,3b1d26c,trivy_container_scan,229,550,unknown
23412434001,2026-03-22,3b1d26c,sbom_generation,28,550,unknown
23412434001,2026-03-22,3b1d26c,dependency_audit,18,550,unknown
23412434001,2026-03-22,3b1d26c,codeql_scan,445,550,unknown
23412434001,2026-03-22,3b1d26c,trivy_fs_scan,95,550,unknown
23412434001,2026-03-22,3b1d26c,brakeman_scan,68,550,unknown
23412434001,2026-03-22,3b1d26c,semgrep_scan,0,550,unknown
23412434001,2026-03-22,3b1d26c,normalize_hdf,52,550,unknown
23412434001,2026-03-22,3b1d26c,bundle_results,33,550,unknown
23412434001,2026-03-22,3b1d26c,publish_for_sparc_iac,7,550,unknown
